{
  "version": 1,
  "author": "ESET0084",
  "editor": "wokwi",
  "parts": [
    { "type": "wokwi-arduino-uno", "id": "uno", "top": 125.4, "left": -67.8, "attrs": {} },
    { "type": "wokwi-lcd1602", "id": "lcd1", "top": -121.37, "left": -41.6, "attrs": {} },
    {
      "type": "wokwi-resistor",
      "id": "r1",
      "top": 32.75,
      "left": 259.2,
      "attrs": { "value": "220" }
    }
  ],
  "connections": [
    [ "lcd1:A", "r1:1", "white", [ "v0" ] ],
    [ "r1:2", "uno:5V", "yellow", [ "v0" ] ],
    [ "lcd1:VSS", "uno:GND.1", "cyan", [ "v0" ] ],
    [ "lcd1:RW", "uno:GND.1", "yellow", [ "v0" ] ],
    [ "lcd1:K", "uno:GND.1", "magenta", [ "v0" ] ],
    [ "lcd1:VDD", "uno:5V", "white", [ "v0" ] ],
    [ "lcd1:RS", "uno:12", "red", [ "v0" ] ],
    [ "lcd1:E", "uno:11", "orange", [ "v0" ] ],
    [ "lcd1:D4", "uno:10", "yellow", [ "v0" ] ],
    [ "lcd1:D5", "uno:9", "green", [ "v0" ] ],
    [ "lcd1:D6", "uno:8", "green", [ "v0" ] ],
    [ "lcd1:D7", "uno:7", "green", [ "v0" ] ]
  ],
  "dependencies": {}
}