{
  "version": 1,
  "author": "ESET0084",
  "editor": "wokwi",
  "parts": [
    { "type": "wokwi-arduino-uno", "id": "uno", "top": 0, "left": 0, "attrs": {} },
    {
      "type": "wokwi-led",
      "id": "led1",
      "top": -118.8,
      "left": 138.2,
      "attrs": { "color": "red" }
    },
    {
      "type": "wokwi-pushbutton",
      "id": "btn1",
      "top": -80.2,
      "left": -48,
      "rotate": 270,
      "attrs": { "color": "blue", "xray": "1" }
    }
  ],
  "connections": [
    [ "uno:4", "led1:A", "green", [ "v0" ] ],
    [ "btn1:2.l", "uno:2", "green", [ "v0" ] ],
    [ "btn1:1.r", "uno:GND.1", "green", [ "v70", "h122", "v9.6", "h57.6" ] ],
    [ "led1:C", "uno:GND.1", "green", [ "v0" ] ]
  ],
  "dependencies": {}
}